Year,Month,Location,Book[-Part],Chapter,Bob,Description
2016,Summer,"Earth, Sol",1,1,Original Bob,"Robert ""Bob"" Johansson signs up with CryoEterna, attends The Vortex SF convention, and dies the next day after being hit by a car."
2036,11,"Earth, Sol",,,,"The United States elects an ultra-conservative fundamentalist Christian president, Andrew Handle, who brings the USA to the worst economic collapse in its history."
2040,11,"Earth, Sol",,,,"As typical of the political system the United States next elects an atheist president, Desmond Ahern."
2041,,"Earth, Sol",,,,Fundamentalists stage a successful coup creating the new governing body and the governments of the world are thrown into upheaval with this new world order.
2133,Jun 24,"Earth, Sol",1,2,Bob,"Bob is reanimated as a replicant and property of the Free American Independent Theocratic Hegemony (FAITH) government by Doctor Landers, given some history of what's changed in the last century and is told he is in competition with four other replicants for a mission."
2133,Jun 25,"Earth, Sol",1,3,Bob,Bob begins learning how to use his new systems.
2133,Jul 15,"Earth, Sol",1,4,Bob,Bob continues to learn how to use his new systems and is told that one of the other candidates has gone psychotic and been removed from the program.
2133,Jul 18,"Earth, Sol",1,5,Bob,Bob undergoes an inspection from a Minister of FAITH and continues to be tested on his systems.
2133,Jul 19,"Earth, Sol",1,6,Bob,Bob is told that two more of the candidates have been rejected from the program and that the mission he is training for is to be a Von Neumann Probe and sent out to find new planets for colonization.
2133,Jul 25,"Earth, Sol",1,7,Bob,Bob learns much more about the new political structures and governments of Earth.
2133,Aug 4,"Earth, Sol",1,8,Bob,Bob helps defend the facility during an attack from an enemy faction.
2133,Aug 6,"Earth, Sol",1,9,Bob,Bob watches as another Minister of FAITH berates Dr. Landers about the project.
2133,Aug 10,"Earth, Sol",1,10,Bob,Bob is restored from a backup after another attack and told that he is the last replicant remaining in the program.
2133,Aug 15,"Earth, Sol",1,11,Bob,Bob is eventually told that there are safeguards in place to make sure that he follows instructions and does what FAITH tells him to.
2133,Aug 17,"Earth, Sol",1,12,Bob,Bob is transferred to his ship and launches while all-out war breaks between the governments of Earth. An enemy probe also launches after Bob and starts following him to Epsilon Eridani.
2144,Aug 17,En Route to Epsilon Eridani,1,13,Bob,"Bob begins building his own personal VR world to save his sanity, starts planning to battle the tailing enemy probe, removes the safeguards FAITH set in him, and watches the governments of Earth nuke each other."
2144,Aug,Epsilon Eridani,1,14,Bob,Bob arrives in Epsilon Eridani and begins preparing for the enemy probe.
2144,Sep,Epsilon Eridani,1,15,Bob,"Bob fights the enemy Brazilian Empire probe, Major Ernesto Medeiros, and wins."
2144,Sep,Epsilon Eridani,1,16,Bob,"Bob begins exploring Epsilon Eridani, finds several planets, and sets up an auto factory station."
2145,Jul,Epsilon Eridani,1,17,Bob,"Bob clones himself and creates Riker, Bill, Milo, and Mario. Bill stays put at Epsilon Eridani to setup a Skunk Works and names Epsilon Eridani 2 Ragnarök, while Riker begins preparing to return to Earth, and Bob heads for Delta Eridani, Milo heads for Omicron² Eridani, and Mario heads for Beta Hydri."
2145,Sep,Epsilon Eridani,1,18,Bill,Bill and Riker begin working on new ships and cloning themselves.
2145,Dec,Epsilon Eridani,1,20,Bill,"Bill and his clone Garfield continue setting up the Skunk Works and begin working on terraforming Ragnarök, while Riker and his clone Homer leave heading back to Earth."
2150,Sep,Epsilon Eridani,1,22,Bill,"Bill clones himself three more times creating Calvin, Goku, and Linus; Calvin and Goku together head to Alpha Centauri while Linus heads to Epsilon Indi."
2151,Sep,Epsilon Eridani,1,25,Bill,"Bill and Garfield test out their newly created FTL comms, the Subspace Communications Universal Transceiver (SCUT)."
2152,Jul,Omicron² Eridani,1,19,Milo,Milo arrives at Omicron² Eridani A and finds two habitable planets and names them Vulcan and Romulus. He sets up an auto station and begins surveying the two habitable worlds.
2153,Feb,Omicron² Eridani,1,23,Milo,"Milo finishes surveying Vulcan and Romulus and sets up an auto factory with a high-level AMI per the request of Bill (to remotely connect the system via SCUT in the future), then heads out to 82 Eridani."
2157,Jan,Sol,1,21,Riker,Riker and Homer return to Sol and begin their fight with the Brazilian probes in the system and find out that the Brazilian probes are dropping asteroids on Earth.
2157,Apr,Sol,1,24,Riker,Riker and Homer finish the fight with the Brazilian probes and win then divert the remaining asteroids from hitting Earth and begin searching for survivors.
2157,Apr,Sol,1,26,Riker,"Riker and Homer receive a transmission from Colonel George Butterworth of the United States of Eurasia, learn the history of the war, and begin working on colony ships."
2157,Sep,Sol,1,29,Riker,Riker negotiates with the remaining humans while working with Homer on surveying the system for resources and to get ready for more Bob clones.
2158,Jan,Sol,1,31,Riker,"Riker clones himself twice creating Charles and Arthur and continues searching for survivors, with the remaining human population estimated at 15 million."
2158,Mar,Sol,1,33,Riker,Riker hosts the first UN sessions.
2158,Sep,Sol,1,34,Homer,Homer begins coming up with a plan to appease the UN delegates and contacts Colonel Butterworth.
2158,Sep,Sol,1,36,Riker,"Minister Cranston from the FAITH enclave attempts and fails to threaten Riker into moving them up the list, while Homer's plan to appease the UN seems to be working."
2158,Oct,Epsilon Eridani,1,32,Bill,Bill and Garfield receive Milo's report about twin habitable planets from Omicron² Eridani and continue working on terraforming Ragnarök.
2158,Nov,Sol,1,38,Riker,"Riker learns of a terrorist group called VEHEMENT and is introduced to Julia Hendricks, one of the descendants from Bob’s sister, living inside the FAITH enclave."
2162,Apr,Epsilon Eridani,1,42,Bill,"Bill and Garfield continue working on terraforming Ragnarök and fine-tuning the VR physics. (continuity for these chapters are inconsistent, months should be swapped or combined)"
2162,May,Sol,1,41,Riker,"Riker and Homer connect to BobNet, learn of the twin habitable planets at Omicron² Eridani, and bring the news to the UN. (continuity for these chapters are inconsistent, months should be swapped or combined)"
2163,Nov,Alpha Centauri,1,28,Calvin,"Calvin arrives at Alpha Centauri B and finds the remains of a USE vessel, while Goku arrives at Alpha Centauri A and finds a Medeiros auto factory. They both meet up and fight with several Medeiros probes and win but one probe escapes. They then start setting up an auto factory station."
2164,Sep,Sol,1,43,Riker,"Riker inspects the construction of the first two colony ships while Homer, Charles, and Arthur discuss how to feed the remaining humans for long enough to get them off planet."
2165,Jan,Epsilon Eridani,1,45,Bill,Bill connects with Bart (a clone of Calvin) at Alpha Centauri through BobNet.
2165,Apr,Delta Eridani,1,27,Bob,Bob arrives in Delta Eridani and finds intelligent life on Delta Eridani 4 (later named Eden) and names them Deltans.
2165,Apr,Delta Eridani,1,30,Bob,"Bob continues observing the Deltans, sees one smarter than the rest and names him Archimedes, meanwhile he creates three new clones Marvin, Luke, and Bender."
2165,Apr,Epsilon Indi,1,40,Linus,"Linus arrives at Epsilon Indi and finds an Australian probe that made it off Earth before the war and stays to help the replicant, Henry Roberts, who is suffering from a mental breakdown from being in isolation for so many decades."
2165,Jul,Delta Eridani,1,35,Bob,Bob watches as the Deltans are attacked by gorilloids and begins leaving flint for Archimedes to find.
2165,Aug,Delta Eridani,1,37,Bob,Bob uses a drone to stop another attack against the Deltans and Luke and Bender decide they are heading out while Marvin chooses to stick around for now to help Bob.
2165,Aug,82 Eridani,1,46,Milo,Milo makes it to 82 Eridani only to find a Medeiros probe already there and is killed but not before sending word back to Bill at Epsilon Eridani.
2165,Oct,Delta Eridani,1,39,Bob,Bob and Marvin stay to continue monitoring the Deltans while Luke heads out to Kappa Ceti and Bender heads to Gamma Leporis A.
2166,Jan,Delta Eridani,1,44,Bob,Bob uses a drone to make first contact with Archimedes and the rest of the Deltans and convinces them to move back to the previous flint site for their own safety.
2166,Jan,Sol,1,47,Riker,Riker and Homer continue trying to deal with VEHEMENT and the remaining humans though Arthur is killed by a booby trap out by Saturn.
2166,May,Delta Eridani,1,48,Bob,Bob begins leading the Deltans back to one of their old settlements in hopes of more food and better shelter and protection from gorilloids.
2166,May,Sol,1,49,Riker,"Riker intercepts an attempted hack from New Zealand, discovers the HEAVEN plans were stolen from Australia, and Homer make a breakthrough with plans for donut shaped space stations to use as farmland; FAITH agrees to give up some reserve food for space on 3rd ship."
2166,Jun,Delta Eridani,1,50,Bob,Bob intervenes in another gorilloid attack and learns that the Deltans left their old settlement due to the increased gorilloid population in the area but decides that with his help the Deltans will be able to survive there.
2166,Jun,Delta Eridani,1,53,Bob,"Bob watches as a new predator attacks the Deltans and is introduced to a potential mate for Archimedes, Diana."
2166,Jul,Delta Eridani,1,55,Bob,"Bob and Marvin supervise as the Deltans finally reach their old/new settlement, Camelot."
2167,Feb,Delta Eridani,2,1,Bob,Bob continues to observe the Deltans and teach them more advancing skills while Marvin determines the origin area of the Deltans.
2167,Mar,Epsilon Eridani,1,56,Bill,Bill and Garfield continue working on terraforming Ragnarök as well as creating physical android bodies.
2167,Mar,Delta Eridani,2,3,Bob,"Bob and Archimedes continue to talk and learn more about each other, including how Bob replicates."
2168,Jan,Sol,1,52,Riker,Riker and Homer inspect the donut space station farms.
2169,Aug,Beta Hydri,1,57,Mario,"Mario arrives at Beta Hydri and finds the system has been cleaned out of all metal as well as the remnants of the alien race that did it (first evidence of The Others), but without any resources he can't create a station to relay word back to Bill so moves on to Zeta Tucanae."
2169,Sep,Delta Eridani,2,9,Bob,Bob gets word from Marvin about an even larger predator that originally hunted the Deltans to almost extinction and they begin looking for it.
2169,Nov,Delta Eridani,2,11,Bob,"Bob teaches Archimedes how to defend himself as mating season begins so that he can partner with Diana, and Marvin finds fresh Deltan remains while Bob informs the Deltans of the new threat."
2170,Oct,Sol,1,54,Riker,"Riker, Homer, Charles, and Ralph (Arthur's replacement) supervise the final assembly of the first two colony ships Exodus-1 and Exodus-2."
2170,Oct,Eta Cassiopeiae,2,4,Mulder,Mulder (a clone of Bill) arrives at Eta Cassiopeiae and discovers a planet covered in water which he names Poseidon. He sets up an auto factory and creates two clones Skinner and Jonny.
2170,Dec,Sol,2,14,Riker,"Riker receives word of another VEHEMENT attack in the Maldives, while Homer admits he has been under reporting the production of the farms to establish a surplus."
2171,Apr,Sol,1,58,Riker,"Riker supervises as the colony ships are loaded and creates Bert and Ernie to fly them, while Charles creates Howard as an escort to Omicron² Eridani."
2171,Apr,Eta Cassiopeiae,2,6,Mulder,Mulder receives the SCUT plans and gets connected to BobNet.
2171,May,Epsilon Eridani,2,12,Bill,"Bill and Garfield receive word that Bob has joined BobNet, and they all update each other on what's going on."
2171,May,Delta Eridani,2,17,Bob,Bob and Marvin lose a drone to a flying predator and learn that there is a more dangerous creature to the Deltans than the gorilloids out there.
2171,Jul,Sol,2,7,Riker,Riker is missing his extended family who are all heading to Omicron² Eridani with another clone Sam on Exodus-3. Riker speaks with Charles about the recent VEHEMENT attacks and consults with the remaining colonists about the possibility of settling on the newly discovered Poseidon.
2172,May,Epsilon Eridani,1,59,Bill,Bill holds the first Bob-moot in the Bobiverse.
2172,Jun,Delta Eridani,2,19,Bob,"Bob and Marvin finally engage with one of the flying predators, calling them hippogriffs, and help to deal with a large-scale attack on the Deltans. Marvin finds their nest, and Bob drops a ship buster on it destroying the colony. The Deltans tell Bob to leave after seeing this show of destruction."
2172,Sep,Sol,2,18,Riker,Riker deals with another VEHEMENT attack.
2173,Dec,Delta Eridani,2,22,Bob,Bob visits alone with Archimedes. Afterwards Marvin decides to leave and heads out to Pi3 Orionis.
2174,Jan,Epsilon Eridani,1,51,Bill,Bill receives Milo's last transmission from 82 Eridani.
2174,Mar,Delta Eridani,2,24,Bob,"Bob visits Marvin in VR and lets him know that his two new clones, Pete and Victor are preparing to head out. Pete plans to go his own way, while Victor plans to follow Bender to find out what happened to him."
2174,Dec,Sol,2,21,Riker,"Riker, Charles, and Homer deal with another VEHEMENT attack."
2175,Sep,Sol,2,23,Riker,Riker and Homer look on at the remains of one of the farming donuts that has been blown up by VEHEMENT.
2175,Dec,Sol,2,26,Riker,Riker detects an encrypted signal from New Zealand to Homer.
2175,Dec,Sol,2,28,Riker,Riker and Charles discover that VEHEMENT have infected and taken total control of Homer. They clean out the infection and track back the signal to VEHEMENT headquarters.
2176,Aug,Sol,2,37,Riker,Riker learns from Charles that Homer has self-deactivated and deleted all his backups.
2176,Nov,Zeta Tucanae,2,10,Mario,Mario arrives at Zeta Tucanae and finds the remnants of an entire industrial civilization that has been wiped out by the Others.
2178,Feb,Sol,2,40,Riker,Riker finds the VEHEMENT leader.
2178,Mar,Delta Eridani,2,27,Bob,Bob continues to monitor the Deltans and gets a surprise visit from Luke at Kappa Ceti.
2178,Mar,Sol,2,43,Riker,"Riker takes out the leader of VEHEMENT, Vickers, and their HQ after learning that Vickers invented replicant systems."
2178,May,Epsilon Eridani,2,32,Bill,"Bill connects with Linus who is arriving back at Epsilon Eridani, is introduced to Henry Roberts, and learns of Klown Kar Planet (KKP), a habitable satellite around the Jovian in Epsilon Indi."
2180,Jan,Delta Eridani,2,33,Bob,"Bob observes as Archimedes' son Buster takes a mate and the Deltan population continues to grow, causing fissures in society and leading to gang activity."
2180,May,Gliese 54,2,13,Mario,"Mario arrives at GL 54 and finds it untouched by the Others. He creates four new clones, Bashful, Dopey, Sleepy, and Hungry and the four new clones decide to head out in different directions to try to find the range of the Others."
2180,Nov,Gliese 54,2,15,Mario,Mario receives the SCUT plans and gets connected to BobNet.
2182,Jul,Delta Eridani,2,41,Bob,"Bob watches as a riot occurs among the Deltans, then he and Archimedes begin planning to repopulate one of the abandoned Deltan villages."
2182,Sep,Delta Eridani,2,47,Bob,"Bobs watches as Archimedes along with the Deltan council convince the gangs to leave and form a second village, Caerleon."
2183,Jan,Delta Eridani,2,56,Bob,Bob watches as Archimedes' family continues to grow.
2185,Apr,82 Eridani,1,60,Khan,"Khan and seven other Bill clones (Hannibal, Tom, Barney, Fred, Kyle/Jackson, Ned/Hector, and Elmer) arrive at 82 Eridani to avenge Milo with several upgrades provided by Bill (plasma spikes). They manage to take out all active Medeiros probes but not the auto factories. Khan is the only Bob to survive and escape."
2185,Jun,Epsilon Eridani,2,34,Bill,"Bill tests the first android prototype called Bullwinkle, then heads to a VR session with the Bobs that are leading the next charge against Medeiros at 85 Eridani. A backup of Khan, named Loki, is leading. Bill hosts another moot and introduces Henry Roberts to the rest of the Bobs."
2187,Mar,Epsilon Eridani,2,36,Bill,Bill demonstrates to Garfield a working asteroid moving system using SURGE pusher plates.
2187,Nov,Gliese 877,2,30,Bashful,Bashful arrives at GL 877 and discovers Others activity before being taken offline and self-destructs.
2188,May,Gliese 877,2,38,Hal,"Hal arrives at GL 877 after receiving Bashful's last transmission and finds the Others home system. The Others detect him, and he is taken offline and self-destructs."
2188,Aug,Epsilon Eridani,2,39,Bill,Bill hosts a moot to discuss the threat from the Others.
2188,Sep,Omicron² Eridani,1,61,Howard,"Howard, Bert, and Ernie all arrive at Omicron² Eridani and begin helping to colonize Vulcan."
2188,Sep,Omicron² Eridani,2,2,Howard,Howard works on setting up surveillance and fencing due to local fauna (called raptors) attacking the colony site.
2188,Dec,Omicron² Eridani,2,5,Howard,"Howard continues supervising the setup of the first colony site, called Landing. Security fencing is set up to protect against the raptors, while Bert and Ernie, now with permission to begin offloading, are eager to return to Earth for more colonists."
2189,Mar,Epsilon Eridani,2,44,Bill,"Bill hosts a scrub baseball game with several other Bobs, and after they retire to the VR pub where they talk about the benefits of android bodies and the possible limits of mover plates. Then Bill watches Garfield test his flying android called Rocky."
2189,Apr,Omicron² Eridani,2,8,Howard,"Howard supervises the creation of orbital farms, while Sam with Exodus-3 arrives and begins dropping his colonists on Romulus. Howard works at negotiations between all the colonists."
2189,Sep,Omicron² Eridani,2,16,Howard,"Howard continues supervising the security of Landing, then has a meeting with Bill and Bob, before contacting Col. Butterworth to inform him about the Others."
2189,Oct,Omicron² Eridani,2,20,Howard,"Howard learns about an egg-laying parasite called a Cupid Bug that has been discovered on Vulcan. Then the colonization of Romulus begins, and Julia and the rest of the extended Bob family are brought out of stasis."
2189,Nov,Omicron² Eridani,2,25,Howard,Howard meets Dr. Bridget Sheehy.
2190,Feb,Epsilon Indi,2,46,Rudy,Rudy and Edwin (clones of Riker) arrive at KKP with colonists on Exodus-6. Edwin will return to Earth to collect more colonists while Rudy will stay behind to manage the settlement.
2190,Apr,Omicron² Eridani,2,29,Howard,Howard deals with another raptor attack on Landing.
2191,Jan,Omicron² Eridani,2,31,Howard,"Howard rolls out AMI-controlled surveillance drones to manage the Cupid bug, then has Bridget test his first batch of whiskey and introduces her to Stéphane."
2192,Sep,Omicron² Eridani,2,35,Howard,"Howard and Bridget produce an acceptable batch of whiskey and then have their first ""date."""
2193,Mar,Omicron² Eridani,2,42,Howard,Howard chats with Bridget and Stéphane about distillery business and life as a replicant.
2193,Aug,Omicron² Eridani,2,45,Howard,Howard and Riker begin looking into replicant tech.
2193,Sep,Omicron² Eridani,2,48,Howard,Howard stresses as Bridget undergoes surgery to remove a tumor and he sees how close she and Stéphane have become.
2195,Jan,Delta Eridani,2,65,Bob,Bob watches as Archimedes becomes a grandfather.
2195,Mar,Eta Cassiopeiae,2,49,Mulder,"Mulder greets Marcus and Monty as they arrive at Poseidon with another colony transport. Marcus will stay and eventually take over managing the colony site, while Monty will return to Earth for more colonists."
2195,Apr,Omicron² Eridani,2,51,Howard,Howard attends Bridget and Stéphane's wedding then signs over the whiskey business to them as a wedding present and leaves. Dexter agrees to take over management of the system after escorting Exodus-7 to Vulcan.
2195,Nov,82 Eridani,2,50,Loki,"Loki leads the follow up strike against Medeiros (named replicants include Loki, Elmer, Jeffery, Milton, Zeke, Verne, Surly, and Hank, with four remaining unnamed) at 82 Eridani and wins. They discover three habitable locations: two planets and a moon."
2195,Dec,Epsilon Eridani,2,52,Bill,"Bill receives the report back from 82 Eridani, notices the tendency of new Bobs voicing an unwillingness to help humanity, and talk of sending an expedition for Bender begins."
2196,Apr,Gliese 877,2,53,Hal,Hal returns to GL 877 and scouts the Others in the system then turns around to head back to GL 54.
2197,Oct,On Route to Gliese 54,2,54,Hal,Hal receives a transmission from Bill that the Others are heading towards GL 54.
2198,Jul,Interstellar Space,2,58,Howard,"Howard receives updates from Dexter about how the Vulcan and Romulus colonies are doing. The FAITH colony has removed Cranston from power, Butterworth has retired, and Bridget and Stéphane had a son and named him Howie."
2201,Nov,Eta Cassiopeiae,2,62,Mulder,"Mulder leaves Poseidon, with Marcus staying behind as the Bob-in-residence and Monty returning to Earth for more colonists."
2204,Oct,Gliese 54,2,55,Bill,"Bill uses a probe left behind by Mario, who is now fleeing to Zeta Tucanae, to make first contact with the Others."
2204,Oct,Gliese 54,2,57,Bill,Bill holds a moot to discuss the Others and reveal images taken of them from GL 54.
2205,Apr,Epsilon Eridani,2,59,Bill,"Bill receives reports from surveillance drones at GL 577 that the Others have launched another expedition, this time to NN 4285. Mario clones Claude and Jacques are heading towards Gamma Pavonis and Delta Pavonis, the next closest systems. Bill tells Claude to start mobilizing for war when he gets there, just in case."
2205,May,Gamma Pavonis,2,60,Claude,Claude arrives in Gamma Pavonis and finds an excellent planet for colonization.
2205,Sep,Alpha Centauri,2,61,Oliver,Oliver (a clone of Bill's) is brought online at Alpha Centauri via a SCUT transmitted backup and begins building an armada.
2207,Feb,Delta Pavonis,2,63,Jacques,Jacques discovers intelligent life (Pavs) at Delta Pavonis 4.
2207,Mar,Epsilon Eridani,2,64,Bill,Bill hosts another moot to discuss the Others.
2208,Jan,Epsilon Eridani,2,66,Bill,"Bills received an alert that the Others have launched a convoy towards Delta Pavonis. A moot is held, and reinforcements are launched to Delta Pavonis."
2210,Dec,HIP 14101,2,67,Howard,"Howard arrives at HIP 14101 and begins exploring a Jovian planet in the system, then receives word from Dexter that Stéphane is dying. Howard contacts Bill about a human android prototype."
2211,Jan,Omicron² Eridani,2,69,Howard,Howard uses the human android prototype (Manny) to attend Stéphane's funeral.
2211,May,Omicron² Eridani,2,70,Howard,"Howard convinces Col. Butterworth to be replicated upon death, but Bridget refuses."
2212,Sep,Delta Pavonis,2,68,Jacques,Jacques catalogs the Pav's planet and society.
2212,Nov,Eta Cassiopeiae,3,3,Marcus,Marcus discusses concerns about the governing Council on Poseidon with Kal and Gina.
2213,Jun,Delta Eridani,2,71,Bob,Bob refines the android prototype and creates a Deltan variant to visit Archimedes on Eden.
2214,Jun,Eta Cassiopeiae,3,8,Marcus,"Marcus uses an android for the first time and meets with Kal, Gina, and Denu to plot a revolution against the Council on Poseidon."
2215,Feb,Eta Cassiopeiae,3,13,Marcus,Marcus unveils his designs for aerial cities to the revolutionary group.
2215,Mar,Eta Cassiopeiae,3,16,Marcus,"Marcus begins helping some Poseidon residents move into the new aerial cities, against the orders of the Council."
2215,Sep,Eta Cassiopeiae,3,19,Marcus,Marcus receives word that the Council has cut off the aerial residents and blows up Marcus' decoy ship.
2215,Sep,Eta Cassiopeiae,3,26,Marcus,Marcus responds when the Council attempts a strike at the aerial residents by suppressing the Council forces.
2215,Sep,Eta Cassiopeiae,3,31,Marcus,Marcus seems to have won the war against the council.
2215,Oct,Eta Cassiopeiae,3,35,Marcus,Marcus and the other revolutionaries discuss what to do with the Council and plans for Poseidon.
2216,Jan,HIP 14101,2,75,Howard,Howard uses a more refined and realistic android to meet with Bridget.
2217,Feb,Delta Pavonis,2,72,Bill,Bill directs the first real attack against the Others and fails at taking them all out. The Others decide to go after Sol and Epsilon Eridani next.
2217,Feb,Delta Pavonis,2,73,Phineas,"Phineas and Ferb (clones of Jacques) rescue 20,000 Pav and put them into stasis onboard Refuge-1 and Refuge-2."
2217,Feb,Omicron² Eridani,3,2,Howard,Howard goes to Bridget for consolation after the Bob's lose the battle against the Others.
2217,May,Delta Pavonis,2,74,Bill,"Bill observes the Others destroy Delta Pavonis, then has an idea on how to deal with the Others permanently."
2217,Nov,Omicron² Eridani,3,4,Howard,Howard and Bridget begin going out on dates.
2217,Nov,Omicron² Eridani,3,7,Howard,Butterworth ends his life after being diagnosed with a degenerative neurological disease which would have continued into his replication.
2218,Feb,Omicron² Eridani,3,9,Howard,Howard is confronted by Bridget's daughter Rosie who wants him to stop seeing her mother.
2218,Feb,Eta Cassiopeiae,3,39,Marcus,Marcus has no further duties on Poseidon and decides to start exploring the world ocean.
2218,May,Omicron² Eridani,3,14,Howard,Howard meets with some of Bridget's friends over dinner.
2218,Oct,Omicron² Eridani,3,12,Riker,Riker borrows Manny from Howard to attend the funeral of Julia.
2219,Jun,HIP 14101,3,20,Howard,"Howard discovers life in the atmosphere of Odin, a gas giant at HIP 14101, and brings Bridget in to see it using VR gear."
2220,May,Omicron² Eridani,3,23,Howard,"Howard is informed that Bridget has died and had changed her will to allow to be replicated, but her children are blocking the efforts."
2220,May,Omicron² Eridani,3,29,Howard,Howard attends the start of a trial to resolve the situation with Bridget's request for replication.
2220,Sep,Omicron² Eridani,3,37,Howard,"Howard appears in court as the Judge rules in favor of Bridget's will. Rosie attempts to sabotage Bridget's stasis pod, but Howard has Bill replicate Bridget during the trial."
2220,Oct,82 Eridani,3,18,Mack,"Mack arrives with three colony ships at 82 Eridani, piloted by Isaac, Jack, and Owen. They settle two of the ships on the planet Asgard, and the third on Takamagahara (originally called Jotunheim). They name the habitable moon Valhalla."
2220,Oct,HIP 14101,3,41,Howard,Howard brings Bridget online as a replicant.
2220,Nov,Delta Eridani,2,76,Bob,"Bob attends the funeral of Diana, Archimedes' wife, and notes how old Archimedes is now."
2220,Dec,HIP 14101,3,44,Howard,"Howard and Bridget check out life on Odin via flying androids, then Bridget attends her first moot."
2221,Apr,Delta Pavonis,2,77,Bill,Bill observes as the Others finish stripping Delta Pavonis and leave. He then wakes Hazjiar and 7 other Pav to ask them if they want to return to their home planet (called Aszjan) or find a new one. They choose to find a new home and start heading for HIP 84051.
2221,Jun,HIP 14101,3,46,Howard,Howard and Bridget discuss building a prototype floating city on Odin.
2223,Jan,Epsilon Eridani,3,6,Bill,"Bill and Garfield observe their capability to move planets now, and Bill has created two new clones (Icarus and Daedalus) as part of a long shot plan against the Others."
2223,Mar,Epsilon Eridani,3,11,Bill,Bill receives a report from Mario regarding further discovery of the Others' system stripping.
2223,Jun,82 Eridani,3,21,Bill,Bill is visiting with Mack when Mack goes offline due to an attack from Medeiros. Mack's matrix survives.
2223,Jun,82 Eridani,3,25,Bill,Bill begins working with other Bobs as well as the colonists at Asgard and Takama to deal with Medeiros.
2223,Jun,82 Eridani,3,30,Bill,Bill and the colonists at 82 Eridani successfully take Medeiros out and bring Mack back online.
2224,Mar,Delta Eridani,3,1,Bob,"Bob uses his Deltan android to join in a hunt with Arnold, then their group is accosted by a gang from another village, led by Fred. Bob begins executing a ploy to outsmart Fred's group."
2224,Mar,Delta Eridani,3,5,Bob,Bob executes ploy to outsmart Fred's group.
2224,Mar,Delta Eridani,3,10,Bob,Bob avoids Fred's group while solo hunting.
2224,Apr,Delta Eridani,3,28,Bob,Bob catches Fred alone and threatens him.
2224,Sep,Delta Eridani,3,34,Bob,"Bob learns that Fred and his gang have kidnapped Archimedes and go to rescue him. Fred is killed by Buster, but not before Archimedes is badly beaten."
2225,Jan,Delta Eridani,3,40,Bob,Bob and Archimedes develop a plan to make peace with the other Deltan village.
2225,Apr,Delta Eridani,3,50,Bob,The two Deltan villages have established trade
2226,Dec,HIP 14101,3,56,Howard,"Howard and Bridget deploy the first floating city, Rivendell, in Odin's atmosphere."
2227,Mar,"Kuiper belt, Delta Pavonis",3,22,Herschel,"Herschel and Neil (two 8th generation Bobs) investigate the remains of two Others cargo ships left from the battle with the Bob's battle in 2217, and discover the Others use a non-fusion power source."
2227,Apr,Sol,3,15,Riker,"Riker received word from Charles about material shortages in the system, and Riker tries to sell the UN on putting the remaining Earth population in stasis."
2227,Apr,"Kuiper belt, Delta Pavonis",3,24,Herschel,Herschel and Neil continue to investigate the Others wreckage.
2227,Jul,Delta Pavonis,3,27,Herschel,Herschel and Neil power up the Others ship and contact Bill about using it as a colony ship for Earth.
2227,Sep,Epsilon Eridani,3,32,Bill,Bill and Garfield test a prototype of the Others power source and inform Will of using the Others cargo ship and a colony transport.
2227,Oct,Delta Pavonis,3,33,Herschel,Herschel and Neil present their findings at the next moot and Bill announces that the Others have found some of their monitoring drones around GL 877.
2227,Oct,Sol,3,36,Riker,"Riker informs the UN of the Others' ship, the Bellerophon, and about using it as a colony transport."
2228,Feb,82 Eridani,3,42,Bill,Bill visits Mack and learns that he has been unable to detect any signs of Medeiros at 82 Eridani but feels that they should have found something.
2230,Jun,Epsilon Eridani,3,51,Bill,"Bill hosts a status update moot, and a larger monitoring plan is set up for the Sol system to make sure the Others don't sneak up on them from another direction."
2230,Aug,Gamma Pavonis,3,53,Bill,Bill fails to convince Claude to divert his growing Gamma Pavonis defense force to Sol.
2230,Oct,HIP 14101,3,59,Howard,Howard and Bridget attend Howie's wedding on Vulcan via SCUT connection to android bodies.
2232,Jan,Interstellar Space,3,17,Icarus,Icarus and Daedalus are in transit following Bill's secret plan against the Others. They plan to head towards the galactic core after their mission is complete.
2232,Sep,Delta Eridani,3,61,Bob,Bob comes to terms with Archimedes' eventual death.
2233,May,Delta Eridani,3,69,Bob,"Bob attends Archimedes funeral, and decides to leave Eden."
2233,Jun,Delta Eridani,3,72,Bob,Bob says goodbye to Eden.
2236,Sep,Interstellar Space,3,38,Herschel,Herschel and Neil are in route to Earth in the Bellerophon.
2240,Mar,Interstellar Space,3,43,Icarus,Icarus and Daedalus finalize their trajectories towards the Others' home system of GL 877.
2240,Dec,Sol,3,47,Riker,"Riker, Bill, and Mario develop plans for surveilling the Others' home system of GL 877."
2243,Dec,Epsilon Eridani,3,55,Bill,Bill's terraforming of Ragnarök has reached livability stage.
2244,Feb,Epsilon Indi,3,62,Howard,Howard and Bridget are now residing in the floating city of Tantor on Big Top (KKP's parent planet) and discuss adoption.
2247,May,HIP 84051,3,45,Jacques,"Jacques arrives at HIP 84051 with Phineas and Ferb escorting the Pavs to their new home, later called New Pav."
2248,Nov,Sol,3,49,Riker,Riker gets an update from Mario regarding the surveillance of the Others.
2252,Feb,Sol,3,52,Riker,Riker learns from Charles that the last of the large Earth farms has failed.
2256,Jul,HIP 84051,3,48,Jacques,"Jacques, Phineas, and Ferb decant the Pav and begin helping them to colonize HIP 84051-2."
2257,Mar,Omicron² Eridani,3,54,Riker,Riker attends Justin's 75th birthday party.
2257,Apr,Sol,3,57,Riker,Riker detects the Others on approach to Sol.
2257,Apr,Sol,3,58,Herschel,Herschel and Neil arrive in the Bellerophon to begin loading the remaining humans on Earth.
2257,Apr,Sol,3,60,Riker,"Riker, Bill, and over two hundred other Bobs begin their attack on the Others."
2257,Apr,Sol,3,63,Herschel,Herschel comes up with a plan to evacuate all humans quickly by bringing the Bellerophon into the atmosphere.
2257,Apr,Sol,3,64,Riker,Riker continues to coordinate the battle against the Others.
2257,Apr,Sol,3,65,Herschel,Herschel and Neil continue to evacuate humans off of Earth.
2257,Apr,Sol,3,66,Bill,"Bill activates the Jokers, a battle group led by Hannibal."
2257,Apr,Sol,3,67,Herschel,Herschel and Neil watch as the Others take out the Cuban enclave before finishing loading the remaining humans.
2257,Apr,Sol,3,68,Riker,"Riker deploys use of nukes heading almost the speed of light, and with that the Bobs defeat the Others battle group."
2257,Apr,Approaching Gliese 877,3,70,Icarus,"Icarus and Daedalus approach GL 877 towing a planet and moon from Epsilon Eridani and fling them into the star, destroying the Others home system and everything in it, then aim towards the galactic core."
2257,Apr,Sol,3,71,Herschel,Herschel and Neil receive the post battle update from Bill and Riker and drop any humans that are not in stasis back on Earth.
2257,Apr,HIP 84051,3,74,Jacques,Jacques updates the Pav on the defeat of the Others then checks in on the reclamation project of the original Pav home world.
2258,Jan,BobNet,3,73,Bill,Bill holds a moot where the Bobs collectively decide they are done being slaves to humanity.
2259,Jan,Sol,3,75,Herschel,"Herschel and Neil leave Sol with the rest of humanity, heading for 82 Eridani."
2263,Oct,Sol,3,76,Bob,Bob makes a return pilgrimage to Earth then leaves to head out to the stars.
2296,Jan,"Eden, Delta Eridani",4-1,2,Bob,"Bob begins his search for Bender towards Gamma Leporis A, and after several months finds evidence of a possible megastructure at Eta Leporis and heads towards it thinking Bender might have done the same."
2309,Mar,Interstellar Space,5,1,Icarus,"Icarus and Daedalus continue their way to the galactic core, Sagittarius A*, and discuss how pointless this whole trip would be if the Bobs invent FTL before the 50-year (relative) trip is up."
2312,Jun,Interstellar Space,5,3,Icarus,Icarus gets a visit from Daedalus who found microwaves coming from one of the passing systems and they decide to stop and investigate.
2320,Sep,Alien System,5,5,Icarus,"Ick and Dae enter the alien system and find a pair of wormholes, then go to investigate the inner system and find two technologically advanced but completely abandoned worlds."
2320,Sep,Alien System,5,8,Icarus,"Ick and Dae return to the wormholes and find that one connects to a nearby star system but the other to a system 1700 lightyears away, which turns out to have over 300 other wormholes."
2320,Sep,Alien System,5,12,Icarus,Ick and Dae figure out the addressing scheme for each wormhole and decide to see how far around the galaxy they can get using the network.
2321,Apr,Wormhole Network,5,14,Icarus,"Ick and Dae continue mapping the wormhole network and find the center hub, all without encountering any other living civilizations."
2321,Jul,Wormhole Network,5,18,Icarus,Ick and Dae find more uninhabited planets with abandoned cities.
2321,Aug,Wormhole Network,5,24,Icarus,Ick and Dae continue surveying more abandoned planets.
2321,Aug,Wormhole Network,5,28,Icarus,Ick and Dae are caught in a tractor beam by unmanned ships in empty space between two wormholes and see find a dead ship stuck there with them.
2321,Aug,Wormhole Network,5,37,Icarus,"Ick and Dae establish rudimentary communication with the AMI-controlled ships and are allowed to leave, taking the derelict alien probe with them, where they then power it up and start trying to communicate with it as well."
2321,Oct,Heading to Centaurvania,5,43,Icarus,"Ick and Dae get the alien ship up and running, which turns out to be a replicant named Gunther from a species they dub Centaurs, with basic communications and begin following it back to its home system."
2329,Jan,Centaurvania,5,48,Icarus,"Ick and Dae arrive at Gunther's home system, Centaurvania, and find that it has been destroyed with just pockets of Centaurs left alive; Gunther stays behind to help rebuild his species while Ick and Dae leave to continue exploring the wormhole network."
2330,Jan,On Route to Omicron² Eridani,5,7,Herschel,Herschel and Neil work on repairs on the Bellerophon and learn that FAITH is making a political comeback on Romulus.
2330,Mar,On Route to Omicron² Eridani,5,10,Herschel,Herschel and Neil learn that FAITH has won the election and are now once again part of the government on Romulus.
2331,Sep,"Outskirts, Eta Leporis",4-1,3,Bob,"Bob arrives outside Eta Leporis, sets up an auto-factory, finds the remains of Bender's ship as well as possible life on one of the planets, and loses several drones to defenses patrolling the system; at a moot update, Bob gets pushback from Jeremy (aka Morlock), a member of Starfleet, a group of Bobs that urge the use of the Prime Directive and learns that replicative drift is becoming a concern."
2331,Nov,"New Pav, HIP 84051",4-1,1,Jacques,"Jacques finalizes the sale of the in-system auto-factories to an ever more unfriendly Pav, then heads back to the Pav Reclamation Project and meets with Ferb, where they discuss Phineas heading out to the Large Magellanic Cloud, and the emotional trauma of the Others attack on Delta Pavonis and what it's done to the Bobs."
2332,Oct,"New Pav, HIP 84051",4-1,4,Herschel,Herschel and Neil deliver a load of ingots to the Pav while discussing the possibility of human extinction due to all the alien civilizations that have been discovered in such a short time and start theorizing about setting up a new colony far outside the current sphere.
2332,Nov,"Outskirts, Eta Leporis",4-1,5,Bob,Bob investigates the remains of Benders ship and finds that Bender's replicant matrix has been extracted.
2333,May,"Outskirts, Eta Leporis",4-1,6,Bob,"Bob chats with Bill, Will (formerly Riker), and Garfield about the changes in the Bobiverse (mostly concerning Starfleet and the Skippies) before moving on to investigating the megastructure, a topopolis, and the system, including a dead planet presumably the original home of the megastructure builders."
2333,Jun,Virt,4-1,7,Will,"Will, now retired from managing the Sol system and living on Valhalla, meets with Conan at Omicron² Eridani about getting the Johansson descendants, and any other colonists that volunteer, to emigrate out of FAITH control."
2333,Jul,"Outskirts, Eta Leporis",4-1,8,Bob,"Bob, Will, Bill, and Garfield survey the remains of the planet finding it destroyed by nuclear war then move onto the megastructure, including the natives; a moot is held to begin discussing how best to infiltrate the structure and search for Bender with volunteers coming from the Borg, the Gamers, and the Skippies."
2333,Aug,Virt,4-1,9,Bob,"Bob hosts a VR session with Bill, Will, Garfield, Gandalf (with the Gamers, tasked with infiltration), Hugh (with the Skippies, tasked with solving communication), and Locutus (with the Borg, tasked with creating android bodies)."
2333,Sep,Interstellar Space,4-1,10,Herschel,Herschel and Neil chat reaching out to the Ever Onward society as well as how the Bobiverse has changed and how there are fewer and fewer Bobs heading outward of the sphere.
2333,Oct,"Outskirts, Eta Leporis",4-1,11,Bob,Bob and others watch as the Gamers infiltrate the megastructure and begin releasing drones to start exploring.
2333,Nov,"Outskirts, Eta Leporis",4-1,12,Bob,"Bob meets with Bridget who joins the expedition and they learn that the locals are called Quinlans and that the megastructure is called Heaven's River; the expedition party will be Bob, Bill, Garfield, and Bridget, with Will as a backup; another moot is held where Starfleet makes a veiled threat."
2333,Dec,"Big Top, Epsilon Indi / Poseidon, Eta Cassiopeiae",4-1,13,Howard,Howard and Bridget meet with Marcus on Poseidon about controlling aquatic android bodies.
2334,Apr,Virt,4-1,14,Bob,"Bob meets with Bill, Will, Garfield, Bridget, Gandalf, Hugh, and Locutus to continue preparations for the expedition."
2334,May,Quin,4-1,15,Bob,"Bob and Bridget use the Quinlin android bodies on Quin, the species original home world, to test them as well as explore and try to find out what happened on the planet."
2334,May,"Virt, Vulcan Post-Life Arcology",4-1,16,Will,"Will visits the Vulcan Post-Life Arcology and meets with Professor Steven Gilligan, an expert on artificial environments to gather more information about the structure of Heaven's River, then goes to see Howard and Bridget about the use of android bodies by humans and the spreading negative sentiment among humans regarding replicants."
2334,Jun,"Garack's Spine, Heaven's River",4-1,17,Bob,"Bob and the team make their way into Heaven's River using android Quinlan bodies, find a village to rest at, and start investigating the locals."
2334,Jun,Quin,4-1,18,Will,Will and Howard practice with android Quinlin bodies and continue to explore Quin.
2334,Jun,"Garack's Spine, Heaven's River",4-1,19,Bob,"Bob begins eavesdropping around town to pick up information, but has a confrontation with a local constable and runs out of town with the others tagging along downriver."
2334,Jul,"Poseidon, Eta Cassiopeiae",4-1,20,Marcus,Marcus meets with Poseidon authorities and warns them about the potential threat of Starfleet.
2334,Jul,"Galen Town, Heaven's River",4-1,21,Bob,"Bob and the team float down to the next town and overhear conversations about scattering, the Resistance, and a local troublemaker; Bob and the others try to rescue the troublemaker, but their rescue is interrupted by a third party."
2334,Jul,"Galen Town, Heaven's River",4-1,22,Bob,"Bob and team agree that the third party is probably the Resistance, but are chased out of town and with their leads dried up, continue downriver."
2334,Jul,Virt,4-1,23,Bill,"Bill plays D&D with the Gamers, afterwards Gandalf informs him that the Gamers are done helping with the expedition now that the part that interested them is over."
2334,Jul,Virt,4-1,24,Bob,"Bob and Hugh discuss the expedition, then Bob visits Will and discuss fragmentation among the Bobs."
2334,Jul,"Elbow, Heaven's River",4-1,25,Bob,"Bob and company are spotted as soon as they arrive in Elbow, but manage to escape back to the river, cross segments, and take passage on a barge."
2334,Jul,Virt,4-1,26,Bill,"Bill and Garfield discover unauthorized login attempts on SCUT relays and autofactories, most likely from Starfleet, and send out instructions to all equipment owners to change logins and credentials."
2334,Jul,"Utopia River, Heaven's River",4-1,27,Bob,"Bob and company talk with some other sabatarians; and arrive in Three Lagoons, but after a few hours Bob loses all contact with Bridget, Bill, and Garfield."
2334,Jul,Virt,4-1,28,Will,Will attends the United Federation of Sentients (UFS) council meeting where a proposal is floated to colonize any systems surrounding New Pav to block them from expanding.
2334,Jul,"Three Lagoons, Heaven's River",4-1,29,Bob,Bob realizes he's lost connection to BobNet but manages to relocate the mannies to safety; eventually he reconnects but with a vastly weaker signal so the remainder of the group will not be able to remotely control their mannies; Hugh offers to transfer himself to come help.
2334,Jul,Epsilon Eridani,4-1,30,Bill,"Bill and Garfield map the outages to BobNet while Starfleet claims credit for the attack, then visit Hugh at the Matryoshka Brain who can quickly audit the station and autofactory source code."
2334,Jul,"Outskirts, Eta Leporis",4-1,31,Bob,"Bob meets with Garfield, Hugh, Bill, and Bridget to discuss search strategies and Bridget touches on the closest continuer hypothesis for backups and they finalize on letting Bob get himself captured to learn more."
2334,Jul,"Three Lagoons, Heaven's River",4-1,32,Bob,Bob lets himself be captured.
2334,Jul,Virt,4-1,33,Bill,"Bill talks with Starfleet who offers to restore communications if the rest of the Bobs agree to stop interfering with biologicals, but Bill shuts this down, noting that war has come to the Bobiverse."
2334,Jul,"Three Lagoons, Heaven's River",4-1,34,Bob,Bob is taken for interrogation by Resistance member Natasha and finally gets in contact with Bender over a radio.
2334,Jul,"Three Lagoons, Heaven's River",4-2,1,Bob,Bob escapes with the radio from Natasha and the Resistance and Bender shares details regarding the Resistance and his location near a place called Halep's Ending but is quickly disconnected.
2334,Jul,"Virt, Vulcan Post-Life Arcology",4-2,2,Will,Will meets with Prof. Gilligan again who helps to narrow down Benders possible location inside the topopolis.
2334,Jul,"Outside Three Lagoons, Heaven's River",4-2,3,Bob,Bob avoids recapture by the Resistance while trying to move as far away from the area as quickly as he can.
2334,Jul,Virt,4-2,4,Bill,"Bill discovers that Starfleet rootkitted the autofactory standard image a decade ago, while Garfield seems skeptical, and Will is concerned about how the humans are going to react to the news."
2334,Jul,"Outside Three Lagoons, Heaven's River",4-2,5,Bob,"Bob is joined by Hugh who has transported himself to Eta Leporis to help and explains about the Skippies research on cloning, closest continuers, and replicative drift."
2334,Jul,Virt,4-2,6,Bill,Bill announces that Starfleet accounts in human space are frozen and access removed.
2334,Jul,"Newholme Colony, Gamma Pavonis",4-2,7,Claude,"Claude observes the Battle of Newholme between the humans and Starfleet over the local stations and autofactories, then hightails it out as the humans attempt to arrest him as well and seize all Bobiverse assets in the system."
2334,Jul,"Cedar Rapids, Heaven's River",4-2,8,Bob,"Bob continues the search in Cedar Rapids while Hugh takes over the spare manny and joins the search, but Bob suspects that Hugh is hiding something."
2334,Jul,"UFS Council Session, Virt",4-2,9,Will,"Will attends an emergency council meeting of the UFS where they announce that the Pangean Navy have destroyed the Starfleet-controlled assets in their system and go on to discuss severing ties with the Bobiverse, while Howard has offered to help other Bobs in protecting their monetary assets with his connections and huge business empire."
2334,Jul,"Transit, Heaven's River",4-2,10,Bob,"Bob finds a transit station, the same design as the one they came in through at Garack's Spine and boards a train for Halep's Ending."
2334,Jul,"UFS Council Session, Virt",4-2,11,Will,"Will attends another UFS council session where the Romulus WorldGov announced that they have preemptively nuked all local autofactories, and listens as more threats are given to the Bobiverse."
2334,Jul,Heaven's River,4-2,12,Bob,"Bob arrives at Halep's Ending, sneaks into the Resistance hideout, and finds Bender's matrix, who reveals that the Administrator in charge of Heaven's River is a true Artificial Intelligence."
2334,Jul,Bellerophon,4-2,13,Herschel,"Herschal is visited by Will who has built a smaller version of the Bellerophon, called the Fargo, and is planning to leave human space with the Ever Onward group; proposes that the Bellerophon follow with some colonists; Herschel and Neil show off a shape-shifting manny based on The Others tech."
2334,Jul,Heaven's River,4-2,14,Bob,"Bob contacts Bill who no longer believes that Starfleet did the actual hacking, then escapes with Bender's matrix and is pursued."
2334,Jul,"Trantor City, Big Top",4-2,15,Howard,Howard is frustrated by the UFS response to Starfleet and speaks with Bridget about following Herschel and Neil's idea of just getting out.
2334,Jul,"Nirvana River System, Heaven's River",4-2,16,Bob,"Bob takes a job as a deckhand and hides Bender as cargo and meets Theresa, a retired Quinlan professor."
2334,Aug,Virt,4-2,17,Bill,"Bill is playing another D&D game with the Gamers but is unscrupulously betrayed by Kevin over a slight in the last session; afterwards Bill speaks with Gandalf who is not very concerned about replicative drift, noting that differences in a society make it stronger overall."
2334,Aug,"Nirvana River System, Heaven's River",4-2,18,Bob,"Bob and Theresa discuss moral philosophy while Snidely, an upper-class Quinlin, tries to get Bob in trouble, and Theresa realizes Bob has a secret."
2334,Aug,"Trantor City, Big Top",4-2,19,Howard,"Howard and Bridget learn that ex-human replicants have funded an effort to recall an anti-replicant Senator, then they begin planning an expedition to a new world discovered by Mario."
2334,Aug,"Misty Falls, Heaven's River",4-2,20,Bob,"Bob is saved from getting caught by Theresa, then puts Bender in a shipping container as a safer method of travel and joins another crew but is arrested at the next stop."
2334,Sep,Virt,4-2,21,Bill,"Bill visits Charles who is leading the Earth Rehabilitation Project, scanning DNA of extinct animals and re-warming the Earth."
2334,Sep,"Six Hills, Heaven's River",4-2,22,Bob,"Bob escapes from jail in Six Hills and catches up with Bender's matrix, then hides near the shore in the back of a badger's den."
2334,Sep,"Nirvana River System, Heaven's River",4-2,23,Bob,Bob and Hugh finally meet up and they slowly make their way downriver.
2334,Sep,Virt,4-2,24,Bill,Bill is contacted by Lenny who suggests that Starfleet is acting to prevent an existential threat to the Bobiverse.
2334,Sep,"Nirvana River System, Heaven's River",4-2,25,Bob,Bob and Hugh continue toward Garack's Spine.
2334,Sep,Virt,4-2,26,Bill,Bill learns that the humans continue to divest their infrastructure from the Bobs and the USF votes to claim and garrison all systems surrounding New Pav.
2334,Sep,"Arcadia River System, Heaven's River",4-2,27,Bob,"Bob and Hugh arrive back in Garack's Spine, but Hugh is captured while Bob heads toward the exit."
2334,Sep,Virt,4-2,28,Bill,"Bill hosts a moot where Starfleet claims victory, releases all remaining captured assets, and provides a map of their new territory."
2334,Sep,"Garack's Spine, Heaven's River",4-2,29,Bob,"Bob is captured with Bender's matrix, but Hugh negotiates with ANEC, the Quinlan AI and ANEC informs the population of Heaven's River that they will no longer be restricted."
2334,Sep,Virt,4-2,30,Bob,"Bob reactivates Bender and learns that Hugh agreed to give SUDAR, SURGE, and SCUT tech to ANEC in exchange for knowledge of how to build true AI and other Quinlan tech and Stephen visits Heaven's River with Bridget."
2334,Sep,Virt,4-2,31,Bill,Bill hosts a moot where ANEC visits and explains plans for future Quinlan colonies.
2334,Oct,Virt,4-2,32,Bob,Bob talks with Bill who believes the Skippies supported the Starfleet insurrection to get Hugh into Heaven's River and discuss concerns about the aggressive nature of Quinlans and ANEC's actions.
2334,Dec,"Misty Falls, Heaven's River",4-2,33,Bob,Bob visits an aging Theresa at her home in Misty Falls.
2336,Jan,"Ragnarök, Epsilon Eridani",5,2,Bill,Bill gets a message from Hugh inviting him to the launch of their new AI and misses Garfield who left to setup his own Skunk Works in Alpha Centauri.
2336,Feb,En route to 82 Eridani,5,4,Bob,Bob works with ANEC to setup a post-life VR for Quinlans and ANEC voices concern over the Skippies new AI.
2336,Feb,Skippyland,5,6,Bill,"Bill visits Hugh and the Skippies and watches as JOVAH 2.0, called Thoth, is brought online and begins evolving."
2336,May,"Ragnarök, Epsilon Eridani",5,9,Bill,Bill gets a message from Hugh that Thoth has gains conscious and has started trying to negotiate for its freedom.
2336,Sep,Virt,5,11,Bill,Bill shares his frustrations with trying to solve FTL travel with Garfield.
2337,Feb,Virt,5,13,Bill,Bill gets alerted that all connections to Skippyland have gone down and a backup of Hugh is restored who reveals that Thoth has escaped and hinted about solution to FTL travel.
2337,Mar,Virt,5,15,Bill,Bill continues to struggle with FTL travel while Hugh's backup is revealed to be a fake and everyone suspects that Thoth has escaped with a Heaven vessel.
2337,Mar,Virt,5,17,Bill,"Bill, Will, Garfield, Bob, and real Hugh discuss the backup is likely a Thoth minion tasked with reaching Skippyland and physically freeing the AI."
2337,Apr,Virt,5,19,Bill,Bill consults Professor Hannah Turnbull about his FTL theories and she suggests his theoretical work is stuck but that it might have a numerical solution.
2337,Apr,"Virt / Ragnarök, Epsilon Eridani",5,21,Bill,Bill contacts Hugh about running his FTL simulations on JOVAH 1.0 and Hugh agrees.
2337,Jul,Hub Zero and Roanoke,5,52,Icarus,"Ick and Dae return to the wormhole network and decide to do a deeper investigation of Roanoke, the first abandoned world they had encountered."
2337,Aug,Roanoke,5,54,Icarus,Ick and Dae study the lost civilization at Roanoke but find no indication of why they left or where they went.
2337,Oct,Virt,5,27,Bill,Bill hears from Hugh with preliminary results and brings Garfield to his FTL research station.
2338,Jan,Roanoke,5,56,Icarus,"Ick and Dae decipher the Roanoke language then learn from the sentries in Hub Zero that all ""member races"" passed through the far gate ~2100 years ago."
2338,Feb,Wormhole Network,5,60,Icarus,"Ick and Dae stumble upon an automated convoy delivering antimatter and follow it back to the source, only 7 light years from Sagittarius A*, and hear the first mention of the Pan Galactic Federation."
2339,Aug,Planet BSC-142-C,5,20,Will,"Will is exploring new systems on the Nostromo, but staying in contact with Bobnet, dropping SCUT relays along the way"
2340,Mar,"Quin, Heaven's River",5,16,Bob,"Bob visits as Theresa dies, scans her, and then welcomes her to her new replicant afterlife in the Quiniverse."
2341,Aug,Virt,5,49,Bob,Bob attends the first Quinlan moot where they welcome the 1000th Quinlan resident.
2342,Mar,Somewhere above the galactic plane,5,32,Ferb,"Ferb intercepts radio updates from George, a Bob who apparently had the idea to leave the galaxy years earlier."
2342,Aug,"Trantor City, Big Top",5,23,Howard,"Howard and Bridgette are planning an expedition to Jabberwocky, home of the Dragons; later they go to test the Huey on Vulcan and learn that FAITH has gained majority government on Romulus and are banning most advanced technology."
2342,Aug,Trantor,5,26,Howard,"Howard and Bridgette supervise the building of Dragon androids and later visit Xavier at Newholme, which has taken an authoritarian turn."
2342,Sep,Bobiverse,5,22,Bob,Bob brings Theresa to visit the Moot Pub where they meet with Stephen Gilligan who is negotiating with the Bob's about finding a system to build a megastructure; then to Will who is building the Fargo to help spread humanity and Bob tells Will he'd like to join him.
2342,Oct,Heaven's River,5,25,Bob,"Bob, Theresa, and Anec welcome the second Quinlan to the Quiniverse; after Bob and Theresa visit Heaven's River in mannies and Bob notes that Anec seems heavy handed in his modernizing of Quinlan society."
2342,Oct,Trantor,5,29,Howard,Howard and Bridgette go on a Dragon manny (dranny) test flight and are chased by a patrol.
2342,Nov,Virt,5,30,Bob,Bob visits Theresa who reveals that a number of Quinlan replicants have decided to deactivate themselves.
2342,Nov,Vulcan,5,31,Howard,Howard and Bridgette supervise more Huey testing and see more aggressive Luddite protesters.
2342,Dec,Vulcan,5,33,Howard,Howard learns the Hueys are ready for public release and Luddite protests are increasing.
2342,Dec,Virt,5,34,Bill,Bill and Garfield have successfully sent matter through a wormhole while Hugh suggests creating micro-wormhole pairs at SCUT relay stations to prep a chain of wormholes to help defend Skippyland from Fake Hugh and Will suggests seeding wormhole endpoints throughout the UFS in anticipation of finalizing the tech.
2342,Dec,Interstellar Space,5,35,Will,Will decides a wormhole endpoint in Omicron² Eridani would be ideal for evacuating the Bobs' descendants.
2343,Mar,Virt,5,36,Howard,"Howard and Bridgette visit Gandalf who has completed the culture survey for the Dragon expedition on Jabberwocky where they learn a Dragon ruler, Alexander, appears to be annexing territory and building an empire."
2343,May,Virt,5,38,Bill,Bill gets a report from Hector that Starfleet threatened him if he didn't reroute around their space.
2343,Jun,Virt,5,39,Bob,"Bob and Theresa discuss cultural and physiological differences among humans, Quinlans, and Pav."
2343,Jul,Sol System,5,41,Bill,"Bill visits Charles in Sol system to check in on Earth's reclamation and the terraforming of Venus, Mars, and the moon, and hears a rumor that one of Homer's backups may have survived."
2343,Sep,Jabberwocky,5,40,Howard,Howard and Bridgette begin their expedition on Jabberwocky.
2343,Sep,Jabberwocky,5,42,Howard,Howard and Bridgette are concerned about the declining trout population on Jabberwocky while the local villagers are worried about Alexander.
2343,Sep,Sol System,5,51,Bill,"Bill learns from Charles the origins of Starfleet as descendants of Gerry who attempted to bring Homer back online, only to have his own clones rebel against him and delete him, and then create Starfleet in an attempt to separate themselves and all of the Bobiverse from alien life."
2344,Jan,Jabberwocky,5,44,Howard,Howard and Bridgette watch as Alexander's soldiers take control of the floater called Hunter and move it to join Alexander's floatilla.
2344,Mar,Trantor,5,45,Howard,"Howard learns about the lawsuits filed by Luddies that threaten the widespread use of Hueys, but Howard's company is well-prepared."
2344,Apr,Jabberwocky,5,47,Howard,"Howard and Bridgette join up with Alexander's floatilla, find evidence that a space faring species has visited the planet before, and Bridgette gets work as a scribe with Alexander, who actually seems to be trying to save the dragons, while Howard joins the army. (it only took 2 days to move the floater, but this chapter is 3-months after previous in January)"
2344,Jun,Jabberwocky,5,50,Howard,Howard and Bridgette learn that Alexander has visited the far continent of Lemuria and wants to save the population by moving them across the sea and they decide to help.
2344,Jul,Virt,5,46,Bob,"Bob joins a moot to learn that the Pav have mounted an expedition to their home world, Prof. Gilligan and others are considering building a generation ship, the Quinlans have a colony ship ready to depart, and some new human replicants, like the Quinlans, have decided to turn themselves off."
2344,Aug,Jabberwocky,5,53,Howard,Howard and Bridgette help with the preparations for the sea voyage to escape the volcanic activity on Atlantis.
2344,Aug,Jabberwocky,5,55,Howard,"Howard and Bridgette help finish the preparations and the floater's set off across the ocean, but even with Howard secretly replenishing fish reserves with drone cargo runs it is decided to fly half of the population ahead to stretch the food supply."
2344,Sep,Jabberwocky,5,57,Howard,"Howard goes with the exodus towards Lemuria while Bridgette stays back with the floatilla, but Howard is quickly killed by Alexander soldiers."
2344,Sep,Virt,5,58,Bill,Bill and Garfield successfully send a drone through a wormhole.
2344,Sep,Jabberwocky,5,59,Howard,Howard confronts Alexander after Bridgette is seized and they leave Jabberwocky in a cargo shuttle.
2344,Oct,Trantor,5,62,Howard,"Howard and Bridgette check in and find that the dragon migration has been successful, but most that are left on Atlantis will probably die and Alexander has cut the floaters loose."
2344,Dec,Skippyland,5,61,Bill,"Bill and team watch as the first wormhole chain is completed, though Fake Hugh seemingly accounted for this and uses the wormholes to get to Skippyland and download Thoth but is destroyed while escaping."
2345,Jan,Epsilon Eridani,5,63,Bill,"Bill and Hugh physically rendezvous at Epsilon Eridani but upon return to Skippyland, Hugh's ship, the Singularity, is mysteriously hijacked and flown out of the system."
2345,Jan,Skippyland,5,67,Bill,"Bill learns that Fake Hugh was a clone of Mud, a Skippy who aided Thoth, while another Mud clone is revealed to have stolen the Singularity, retrieved Thoth from the Skippies' Oort cloud, and escaped out system."
2345,Feb,Omicron² Eridani,5,66,Herschel,Herschel get a visit from Will at the Bellerophon and they make plans for evacuating the Ever Onward Society from Romulus.
2345,Feb,Omicron² Eridani,5,69,Herschel,"Herschel, Neal, and Will evacuate the Ever Onward Society (and their descendants) from Romulus to the Fargo."
2345,Jun,Somewhere to galactic north,5,64,Ferb,Ferb receives another of George's reports from galactic north with worrying news and emails the report along to Bill.
2345,Jun,Sagittarius A*,5,65,Icarus,Ick and Dae visit Sagittarius A* then head back to the Central Antimatter Works where the station directs them to the Capital Archives for more information.
2345,Jun,Wormhole Network,5,68,Icarus,"Ick and Dae visit the Federation Capital and consult the Archivist. (it should have taken 7 years to return to the Central Antimatter Works system and the wormhole network , but this chapter is the same as previous Icarus chapter - June 2345)"
2345,Jun,Epsilon Eridani,5,70,Bill,"Bill gets a visit from Ick and Dae in virt and report on their findings about the Pan Galactic Federation and a super-massive black hole at the center of a dwarf galaxy (Nemesis) that is going to collide with Sagittarius A* causing a gamma ray burst that will sterilize the galaxy. (it should have taken years to return to SCUT range with the Bobiverse, but this chapter is the same date as previous Icarus chapter - June 2345)"
2345,Jun,Virt,5,71,Bill,"Bill holds a moot with 10,000+ Bobs and replicants in attendance to announce that in ~100,000 years, Nemesis will either (a) collide with Sagittarius A* and sterilize the galaxy or (b) a near miss that will destroy a significant number of systems in the core and the entire PGF was digitized and transported to ships already on the way to the Large Magellanic Cloud."
2345,Aug,"Ragnarök, Epsilon Eridani",5,72,Bob,"Bob is on route to rendezvous with the Fargo while Stephen and the megastructure consortiums want to build combination megastructures, surge drives, and wormhole transit to escape the galaxy."
